date,total_sales
1/10/2018,"37,604,000"
2/10/2018,"108,434,636"
3/10/2018,"127,535,244"
4/10/2018,"55,082,128"
5/10/2018,"68,561,872"
6/10/2018,"31,912,000"
7/10/2018,"1,620,000"
8/10/2018,"173,001,732"
9/10/2018,"19,926,000"
10/10/2018,"46,086,000"
11/10/2018,"37,005,872"
12/10/2018,"89,545,180"
13/10/2018,"13,308,000"
14/10/2018,"2,382,000"
15/10/2018,"41,970,000"
16/10/2018,"30,546,000"
17/10/2018,"57,414,539"
18/10/2018,"56,722,000"
19/10/2018,"29,030,800"
20/10/2018,"17,676,000"
21/10/2018,"10,596,000"
22/10/2018,"128,649,000"
23/10/2018,"326,100,212"
24/10/2018,"63,068,000"
25/10/2018,"148,569,000"
26/10/2018,"22,036,904"
27/10/2018,"16,343,000"
28/10/2018,"6,828,000"
29/10/2018,"40,558,000"
30/10/2018,"60,733,000"
31/10/2018,"182,511,000"
1/11/2018,"174,404,000"
2/11/2018,"70,174,000"
3/11/2018,"26,544,000"
5/11/2018,"70,723,000"
6/11/2018,"127,186,000"
7/11/2018,"155,666,000"
8/11/2018,"132,021,048"
9/11/2018,"255,662,000"
10/11/2018,"38,376,854"
12/11/2018,"117,159,230"
13/11/2018,"20,971,000"
14/11/2018,"86,859,000"
15/11/2018,"45,570,000"
16/11/2018,"44,142,000"
17/11/2018,"24,954,000"
19/11/2018,"69,396,320"
20/11/2018,"55,293,296"
21/11/2018,"68,038,000"
22/11/2018,"14,354,000"
23/11/2018,"161,304,000"
24/11/2018,"19,956,000"
26/11/2018,"45,802,000"
27/11/2018,"367,099,266"
28/11/2018,"226,964,000"
29/11/2018,"157,434,000"
30/11/2018,"266,669,868"
1/12/2018,"139,133,000"
2/12/2018,"29,571,000"
3/12/2018,"170,404,000"
4/12/2018,"76,537,000"
5/12/2018,"121,700,280"
6/12/2018,"117,332,908"
7/12/2018,"61,202,020"
8/12/2018,"17,664,000"
9/12/2018,"3,678,000"
10/12/2018,"125,738,320"
11/12/2018,"65,355,000"
12/12/2018,"33,762,800"
13/12/2018,"97,212,564"
14/12/2018,"34,603,300"
15/12/2018,"38,690,000"
16/12/2018,"59,434,000"
17/12/2018,"374,199,000"
18/12/2018,"64,856,080"
19/12/2018,"102,385,680"
20/12/2018,"77,824,640"
21/12/2018,"53,708,000"
22/12/2018,"9,852,000"
23/12/2018,"7,176,000"
24/12/2018,"158,527,086"
25/12/2018,"108,118,320"
26/12/2018,"70,288,000"
27/12/2018,"28,027,000"
28/12/2018,"85,829,040"
29/12/2018,"126,416,249"
2/1/2019,"52,451,000"
3/1/2019,"139,608,380"
4/1/2019,"115,323,072"
5/1/2019,"42,624,000"
6/1/2019,"2,880,000"
7/1/2019,"93,144,000"
8/1/2019,"81,235,000"
9/1/2019,"80,114,000"
10/1/2019,"61,988,520"
11/1/2019,"101,831,488"
12/1/2019,"13,801,000"
13/01/2019,"13,896,000"
14/01/2019,"92,332,000"
15/01/2019,"89,669,360"
16/01/2019,"104,916,760"
17/01/2019,"45,023,000"
18/01/2019,"78,572,520"
19/01/2019,"33,078,000"
20/01/2019,"11,530,000"
21/01/2019,"87,706,582"
22/01/2019,"125,177,328"
23/01/2019,"46,252,000"
24/01/2019,"86,204,000"
25/01/2019,"49,620,000"
26/01/2019,"41,157,000"
27/01/2019,"7,428,000"
28/01/2019,"94,378,000"
29/01/2019,"45,937,504"
30/01/2019,"94,587,759"
31/01/2019,"52,429,899"
1/2/2019,"57,883,000"
2/2/2019,"8,239,000"
12/2/2019,"77,193,760"
13/02/2019,"80,733,000"
14/02/2019,"138,488,000"
15/02/2019,"118,491,108"
16/02/2019,"23,692,000"
17/02/2019,"15,964,000"
18/02/2019,"112,366,000"
19/02/2019,"451,085,560"
20/02/2019,"124,624,560"
21/02/2019,"153,669,748"
22/02/2019,"129,688,000"
23/02/2019,"74,327,800"
24/02/2019,"32,454,000"
25/02/2019,"177,322,000"
26/02/2019,"88,814,160"
27/02/2019,"97,243,000"
28/02/2019,"81,130,120"
1/3/2019,"78,784,000"
2/3/2019,"21,949,000"
4/3/2019,"117,822,000"
5/3/2019,"166,786,000"
6/3/2019,"76,193,000"
7/3/2019,"129,139,536"
8/3/2019,"240,496,000"
9/3/2019,"91,861,000"
10/3/2019,"22,284,000"
11/3/2019,"112,063,040"
12/3/2019,"98,661,000"
13/03/2019,"68,004,000"
14/03/2019,"51,014,760"
15/03/2019,"61,040,000"
16/03/2019,"98,616,000"
17/03/2019,"14,598,000"
18/03/2019,"121,289,409"
19/03/2019,"24,708,000"
20/03/2019,"144,572,000"
21/03/2019,"61,871,000"
22/03/2019,"26,200,000"
23/03/2019,"27,766,000"
24/03/2019,"32,730,000"
25/03/2019,"44,071,000"
26/03/2019,"121,234,640"
27/03/2019,"233,496,400"
28/03/2019,"186,060,000"
29/03/2019,"82,333,000"
30/03/2019,"69,966,000"
31/03/2019,"17,097,000"
1/4/2019,"169,072,100"
2/4/2019,"105,038,560"
3/4/2019,"36,674,000"
4/4/2019,"59,775,000"
5/4/2019,"142,243,144"
6/4/2019,"76,070,000"
7/4/2019,"19,812,000"
8/4/2019,"123,071,520"
9/4/2019,"74,958,000"
10/4/2019,"139,349,440"
11/4/2019,"59,039,320"
12/4/2019,"100,815,000"
13/04/2019,"35,544,760"
14/04/2019,"8,112,000"
15/04/2019,"696,000"
16/04/2019,"165,165,016"
17/04/2019,"43,234,000"
18/04/2019,"82,569,800"
19/04/2019,"83,521,092"
20/04/2019,"85,439,000"
21/04/2019,"-3,338,000"
22/04/2019,"100,847,784"
23/04/2019,"50,250,000"
24/04/2019,"71,132,000"
25/04/2019,"135,072,000"
26/04/2019,"89,261,000"
27/04/2019,"114,240,320"
28/04/2019,"16,350,000"
29/04/2019,"9,766,000"
30/04/2019,"1,224,000"
2/5/2019,"140,887,600"
3/5/2019,"74,992,000"
4/5/2019,"133,221,890"
5/5/2019,"17,316,000"
6/5/2019,"609,162,876"
7/5/2019,"132,561,484"
8/5/2019,"150,662,000"
9/5/2019,"276,189,572"
10/5/2019,"170,854,534"
11/5/2019,"107,196,840"
12/5/2019,"5,058,000"
13/05/2019,"169,941,000"
14/05/2019,"63,405,400"
15/05/2019,"73,127,040"
16/05/2019,"42,653,040"
17/05/2019,"79,377,000"
18/05/2019,"75,518,000"
20/05/2019,"197,829,560"
21/05/2019,"119,303,000"
22/05/2019,"71,348,000"
23/05/2019,"31,490,120"
24/05/2019,"33,604,500"
25/05/2019,"37,842,000"
26/05/2019,"26,258,000"
27/05/2019,"62,866,760"
28/05/2019,"49,704,000"
29/05/2019,"50,381,000"
30/05/2019,"70,796,000"
31/05/2019,"241,418,000"
1/6/2019,"61,248,000"
2/6/2019,"930,000"
3/6/2019,"76,672,400"
4/6/2019,"46,195,000"
5/6/2019,"73,844,312"
6/6/2019,"152,142,586"
7/6/2019,"25,547,000"
8/6/2019,"25,033,920"
9/6/2019,"21,437,000"
10/6/2019,"75,888,758"
11/6/2019,"65,137,000"
12/6/2019,"110,936,000"
13/06/2019,"114,369,000"
14/06/2019,"74,299,368"
15/06/2019,"59,138,810"
16/06/2019,"13,918,000"
17/06/2019,"169,130,616"
18/06/2019,"61,115,320"
19/06/2019,"51,048,108"
20/06/2019,"45,840,720"
21/06/2019,"87,610,760"
22/06/2019,"93,861,520"
23/06/2019,"25,914,000"
24/06/2019,"61,873,000"
25/06/2019,"30,572,000"
26/06/2019,"158,767,280"
27/06/2019,"83,988,000"
28/06/2019,"95,982,000"
29/06/2019,"41,018,520"
30/06/2019,"8,388,000"
1/7/2019,"54,536,000"
2/7/2019,"123,138,800"
3/7/2019,"158,234,080"
4/7/2019,"81,198,758"
5/7/2019,"124,597,840"
6/7/2019,"161,674,000"
8/7/2019,"87,568,000"
9/7/2019,"60,172,000"
10/7/2019,"105,313,400"
11/7/2019,"407,074,000"
12/7/2019,"103,175,496"
13/07/2019,"70,561,000"
15/07/2019,"88,655,876"
16/07/2019,"100,141,000"
17/07/2019,"80,811,000"
18/07/2019,"51,326,000"
19/07/2019,"69,396,300"
20/07/2019,"75,312,000"
21/07/2019,"1,240,000"
22/07/2019,"100,862,000"
23/07/2019,"81,810,680"
24/07/2019,"23,152,000"
25/07/2019,"78,995,500"
26/07/2019,"72,987,000"
27/07/2019,"40,524,000"
29/07/2019,"70,000,280"
30/07/2019,"71,361,000"
31/07/2019,"53,993,000"
1/8/2019,"92,373,000"
2/8/2019,"89,068,108"
3/8/2019,"33,836,000"
5/8/2019,"85,707,000"
6/8/2019,"258,529,340"
7/8/2019,"65,484,000"
8/8/2019,"151,307,000"
9/8/2019,"47,894,000"
10/8/2019,"132,761,852"
12/8/2019,"144,699,000"
13/08/2019,"112,233,000"
14/08/2019,"92,538,000"
15/08/2019,"84,262,768"
16/08/2019,"187,046,000"
17/08/2019,"79,827,536"
18/08/2019,"21,744,000"
19/08/2019,"145,708,000"
20/08/2019,"124,108,000"
21/08/2019,"74,166,000"
22/08/2019,"60,722,000"
23/08/2019,"76,408,000"
24/08/2019,"47,980,000"
25/08/2019,"4,764,000"
26/08/2019,"79,800,000"
27/08/2019,"94,308,000"
28/08/2019,"80,146,170"
29/08/2019,"81,307,000"
30/08/2019,"86,499,000"
5/9/2019,"448,458,000"
6/9/2019,"214,727,000"
7/9/2019,"84,301,000"
8/9/2019,"4,080,000"
9/9/2019,"119,011,744"
10/9/2019,"135,453,000"
11/9/2019,"112,375,000"
12/9/2019,"96,953,000"
13/09/2019,"74,146,000"
14/09/2019,"26,300,000"
15/09/2019,"2,280,000"
16/09/2019,"219,739,000"
17/09/2019,"84,370,000"
18/09/2019,"37,244,000"
19/09/2019,"64,349,000"
20/09/2019,"82,660,000"
21/09/2019,"144,520,000"
22/09/2019,"6,046,000"
23/09/2019,"76,833,000"
24/09/2019,"169,222,000"
25/09/2019,"81,105,000"
26/09/2019,"87,694,340"
27/09/2019,"82,304,000"
28/09/2019,"109,528,000"
30/09/2019,"134,548,000"
1/10/2019,"55,586,680"
2/10/2019,"80,570,000"
3/10/2019,"87,004,000"
4/10/2019,"109,376,000"
5/10/2019,"34,150,000"
7/10/2019,"55,352,000"
8/10/2019,"160,775,000"
9/10/2019,"113,240,000"
10/10/2019,"22,426,000"
11/10/2019,"60,856,000"
12/10/2019,"40,599,000"
13/10/2019,"7,066,000"
14/10/2019,"57,931,000"
15/10/2019,"200,078,000"
16/10/2019,"173,724,000"
17/10/2019,"192,113,000"
18/10/2019,"189,005,000"
19/10/2019,"58,718,000"
20/10/2019,"10,404,000"
21/10/2019,"104,336,000"
22/10/2019,"56,496,000"
23/10/2019,"128,600,349"
24/10/2019,"11,492,000"
25/10/2019,"113,390,000"
26/10/2019,"39,509,000"
28/10/2019,"61,800,000"
29/10/2019,"77,828,000"
30/10/2019,"39,802,000"
31/10/2019,"60,351,000"
1/11/2019,"154,785,000"
2/11/2019,"77,121,000"
3/11/2019,"51,993,000"
4/11/2019,"91,875,000"
5/11/2019,"64,320,000"
6/11/2019,"64,004,000"
7/11/2019,"58,527,000"
8/11/2019,"132,283,000"
9/11/2019,"273,851,000"
10/11/2019,"27,067,000"
11/11/2019,"232,743,000"
12/11/2019,"100,480,000"
13/11/2019,"68,663,000"
14/11/2019,"47,182,000"
15/11/2019,"200,982,000"
16/11/2019,"26,018,000"
17/11/2019,"37,920,000"
18/11/2019,"124,095,720"
19/11/2019,"112,322,000"
20/11/2019,"71,963,000"
21/11/2019,"67,318,000"
22/11/2019,"75,873,000"
23/11/2019,"28,636,000"
25/11/2019,"63,056,000"
26/11/2019,"55,661,000"
27/11/2019,"85,196,000"
28/11/2019,"55,746,000"
29/11/2019,"31,809,000"
30/11/2019,"20,420,000"
1/12/2019,"10,536,000"
2/12/2019,"62,727,000"
3/12/2019,"65,606,000"
4/12/2019,"30,085,000"
5/12/2019,"269,087,000"
6/12/2019,"73,077,090"
7/12/2019,"43,198,000"
8/12/2019,"1,218,000"
9/12/2019,"48,207,000"
10/12/2019,"263,274,000"
11/12/2019,"83,633,000"
12/12/2019,"63,742,000"
13/12/2019,"104,514,000"
14/12/2019,"56,996,000"
15/12/2019,"5,107,000"
16/12/2019,"66,714,000"
17/12/2019,"131,524,000"
18/12/2019,"66,909,000"
19/12/2019,"50,393,000"
20/12/2019,"62,338,000"
21/12/2019,"89,922,000"
22/12/2019,"1,296,000"
23/12/2019,"130,995,000"
24/12/2019,"52,557,000"
25/12/2019,"67,246,000"
26/12/2019,"70,982,000"
27/12/2019,"39,330,000"
28/12/2019,"55,774,000"
29/12/2019,"1,944,000"
30/12/2019,"460,337,000"
31/12/2019,"76,578,000"
1/1/2020,"69,282,000"
2/1/2020,"149,422,000"
3/1/2020,"115,632,000"
4/1/2020,"10,598,000"
6/1/2020,"98,900,000"
7/1/2020,"42,961,000"
8/1/2020,"22,264,000"
9/1/2020,"54,282,000"
10/1/2020,"7,914,000"
11/1/2020,"19,914,000"
12/1/2020,"131,416,000"
13/01/2020,"168,269,000"
14/01/2020,"50,161,000"
15/01/2020,"11,796,000"
16/01/2020,"43,514,000"
17/01/2020,"110,038,000"
18/01/2020,"400,114,000"
19/01/2020,"121,533,000"
20/01/2020,"271,358,000"
21/01/2020,"182,685,000"
22/01/2020,"96,654,000"
23/01/2020,"25,580,000"
3/2/2020,"4,176,000"
4/2/2020,"517,149,000"
5/2/2020,"358,523,000"
6/2/2020,"378,895,840"
7/2/2020,"72,666,000"
8/2/2020,"139,693,000"
9/2/2020,"23,922,480"
10/2/2020,"170,822,220"
11/2/2020,"81,777,000"
12/2/2020,"47,786,000"
13/02/2020,"67,091,860"
14/02/2020,"85,675,000"
15/02/2020,"58,307,160"
16/02/2020,"2,112,000"
17/02/2020,"77,809,000"
18/02/2020,"34,440,000"
19/02/2020,"47,638,700"
20/02/2020,"38,383,000"
21/02/2020,"39,177,000"
22/02/2020,"22,128,000"
24/02/2020,"113,998,200"
25/02/2020,"82,989,000"
26/02/2020,"78,731,000"
27/02/2020,"23,320,000"
28/02/2020,"53,788,000"
29/02/2020,"32,805,000"
1/3/2020,"3,930,000"
2/3/2020,"82,190,500"
3/3/2020,"104,676,000"
4/3/2020,"124,482,900"
5/3/2020,"40,929,800"
6/3/2020,"77,261,900"
7/3/2020,"91,928,000"
8/3/2020,"131,740,000"
9/3/2020,"118,120,900"
10/3/2020,"703,076,000"
11/3/2020,"253,308,000"
12/3/2020,"162,236,000"
13/03/2020,"78,070,000"
14/03/2020,"115,480,000"
15/03/2020,"2,904,000"
16/03/2020,"126,078,900"
17/03/2020,"99,273,000"
18/03/2020,"129,985,800"
19/03/2020,"100,594,000"
20/03/2020,"93,254,000"
21/03/2020,"88,896,000"
22/03/2020,"4,716,000"
23/03/2020,"54,202,000"
24/03/2020,"113,389,000"
25/03/2020,"112,218,000"
26/03/2020,"62,366,000"
27/03/2020,"140,734,000"
28/03/2020,"38,946,000"
29/03/2020,"6,300,000"
30/03/2020,"116,152,000"
31/03/2020,"100,157,794"
1/4/2020,"115,699,000"
3/4/2020,"62,408,000"
4/4/2020,"28,220,000"
6/4/2020,"40,838,000"
7/4/2020,"34,290,000"
8/4/2020,"430,159,000"
9/4/2020,"99,609,000"
10/4/2020,"57,341,240"
11/4/2020,"50,282,860"
13/04/2020,"93,371,400"
14/04/2020,"99,742,000"
15/04/2020,"35,442,000"
16/04/2020,"155,437,000"
17/04/2020,"290,658,620"
18/04/2020,"75,500,000"
19/04/2020,"380,000"
20/04/2020,"133,084,790"
21/04/2020,"63,342,000"
22/04/2020,"36,883,520"
23/04/2020,"53,501,000"
24/04/2020,"22,291,000"
25/04/2020,"37,282,000"
27/04/2020,"31,737,000"
28/04/2020,"12,988,000"
29/04/2020,"128,214,000"
30/04/2020,"4,812,000"
1/5/2020,"188,346,000"
2/5/2020,"100,392,000"
3/5/2020,"33,936,000"
4/5/2020,"122,016,040"
5/5/2020,"156,314,900"
6/5/2020,"76,863,000"
7/5/2020,"128,068,000"
8/5/2020,"139,309,520"
9/5/2020,"142,489,000"
10/5/2020,"4,536,000"
11/5/2020,"99,435,900"
12/5/2020,"68,344,000"
13/05/2020,"150,187,280"
14/05/2020,"67,970,900"
15/05/2020,"42,676,620"
16/05/2020,"67,201,000"
17/05/2020,"4,116,000"
18/05/2020,"76,338,620"
19/05/2020,"245,736,800"
20/05/2020,"81,292,000"
21/05/2020,"89,834,420"
22/05/2020,"65,495,000"
23/05/2020,"103,926,000"
25/05/2020,"80,396,000"
26/05/2020,"289,234,520"
27/05/2020,"63,132,000"
28/05/2020,"85,997,000"
29/05/2020,"110,407,000"
30/05/2020,"64,144,900"
31/05/2020,"114,592,000"
1/6/2020,"102,861,900"
2/6/2020,"415,604,000"
3/6/2020,"183,448,000"
4/6/2020,"112,991,000"
5/6/2020,"133,359,520"
6/6/2020,"44,661,000"
7/6/2020,"34,802,940"
8/6/2020,"149,215,000"
9/6/2020,"54,132,000"
10/6/2020,"162,802,000"
11/6/2020,"81,647,000"
12/6/2020,"90,608,000"
13/06/2020,"42,900,000"
15/06/2020,"25,444,000"
16/06/2020,"136,193,000"
17/06/2020,"133,795,000"
18/06/2020,"64,413,000"
19/06/2020,"75,955,900"
20/06/2020,"39,978,000"
22/06/2020,"106,010,000"
23/06/2020,"55,116,000"
24/06/2020,"69,389,000"
25/06/2020,"51,950,000"
26/06/2020,"97,822,000"
27/06/2020,"110,850,000"
29/06/2020,"97,427,000"
30/06/2020,"97,339,000"
1/7/2020,"122,807,000"
2/7/2020,"103,399,000"
3/7/2020,"123,905,900"
4/7/2020,"28,486,000"
5/7/2020,"9,516,000"
6/7/2020,"142,281,000"
7/7/2020,"159,055,000"
8/7/2020,"79,412,000"
9/7/2020,"58,558,000"
10/7/2020,"113,990,000"
11/7/2020,"20,436,000"
12/7/2020,"29,806,000"
13/07/2020,"130,446,000"
14/07/2020,"67,873,000"
15/07/2020,"86,457,000"
16/07/2020,"26,095,000"
17/07/2020,"28,234,000"
18/07/2020,"52,582,000"
20/07/2020,"57,520,000"
21/07/2020,"88,904,000"
22/07/2020,"61,604,000"
23/07/2020,"60,692,000"
24/07/2020,"22,667,000"
25/07/2020,"39,840,000"
26/07/2020,"26,458,000"
27/07/2020,"110,612,000"
28/07/2020,"60,922,000"
29/07/2020,"97,513,000"
30/07/2020,"77,590,000"
31/07/2020,"150,363,000"
1/8/2020,"145,411,000"
2/8/2020,"2,664,000"
3/8/2020,"131,379,000"
4/8/2020,"51,209,000"
5/8/2020,"72,606,000"
6/8/2020,"77,624,000"
7/8/2020,"59,976,000"
8/8/2020,"78,460,000"
9/8/2020,"12,582,000"
10/8/2020,"181,810,000"
11/8/2020,"42,625,000"
12/8/2020,"54,771,000"
13/08/2020,"88,961,000"
14/08/2020,"133,014,000"
15/08/2020,"42,688,000"
16/08/2020,"25,236,000"
17/08/2020,"63,701,000"
18/08/2020,"168,285,000"
19/08/2020,"117,659,000"
20/08/2020,"33,107,000"
21/08/2020,"127,083,000"
22/08/2020,"128,032,000"
23/08/2020,"16,790,000"
24/08/2020,"247,535,000"
25/08/2020,"39,619,000"
26/08/2020,"76,558,000"
27/08/2020,"80,265,000"
28/08/2020,"21,639,000"
29/08/2020,"27,303,000"
31/08/2020,"78,728,000"
1/9/2020,"77,596,000"
3/9/2020,"76,107,000"
4/9/2020,"142,414,000"
5/9/2020,"261,411,000"
7/9/2020,"61,894,000"
8/9/2020,"46,600,000"
9/9/2020,"397,547,000"
10/9/2020,"215,467,000"
11/9/2020,"148,671,000"
12/9/2020,"92,442,000"
13/09/2020,"2,112,000"
14/09/2020,"137,139,000"
15/09/2020,"59,916,000"
16/09/2020,"37,513,940"
17/09/2020,"36,830,000"
18/09/2020,"90,709,000"
19/09/2020,"50,742,000"
21/09/2020,"62,994,000"
22/09/2020,"130,104,000"
23/09/2020,"55,700,000"
24/09/2020,"80,453,000"
25/09/2020,"7,888,000"
26/09/2020,"49,288,000"
28/09/2020,"129,833,000"
29/09/2020,"31,375,000"
30/09/2020,"61,288,000"
1/10/2020,"61,902,000"
2/10/2020,"56,136,000"
3/10/2020,"34,009,000"
4/10/2020,"4,956,000"
5/10/2020,"60,746,000"
6/10/2020,"65,972,460"
7/10/2020,"82,565,000"
8/10/2020,"35,748,000"
9/10/2020,"51,468,000"
10/10/2020,"31,407,000"
11/10/2020,"3,288,000"
12/10/2020,"76,100,000"
13/10/2020,"31,460,000"
14/10/2020,"227,592,000"
15/10/2020,"105,658,000"
16/10/2020,"78,381,000"
17/10/2020,"71,063,000"
18/10/2020,"11,232,000"
19/10/2020,"286,333,000"
20/10/2020,"191,594,000"
21/10/2020,"77,743,000"
22/10/2020,"16,338,000"
23/10/2020,"72,715,000"
24/10/2020,"38,099,000"
25/10/2020,"30,132,000"
26/10/2020,"80,736,000"
27/10/2020,"53,350,000"
28/10/2020,"77,381,000"
29/10/2020,"45,331,000"
30/10/2020,"41,620,000"
31/10/2020,"27,214,000"
2/11/2020,"27,158,000"
3/11/2020,"64,928,000"
4/11/2020,"3,519,000"
5/11/2020,"108,611,000"
6/11/2020,"64,550,000"
7/11/2020,"108,885,000"
8/11/2020,"17,478,000"
9/11/2020,"62,276,000"
10/11/2020,"109,564,000"
11/11/2020,"134,026,000"
12/11/2020,"119,878,000"
13/11/2020,"24,258,000"
14/11/2020,"386,442,000"
15/11/2020,"7,638,000"
16/11/2020,"161,793,000"
17/11/2020,"140,819,000"
18/11/2020,"75,898,000"
19/11/2020,"28,924,000"
20/11/2020,"56,270,000"
21/11/2020,"17,964,000"
23/11/2020,"32,204,000"
24/11/2020,"55,002,000"
25/11/2020,"34,838,000"
26/11/2020,"113,464,000"
27/11/2020,"42,712,000"
28/11/2020,"36,320,000"
29/11/2020,"1,170,000"
30/11/2020,"7,620,000"
1/12/2020,"59,478,000"
3/12/2020,"516,000"
5/12/2020,"86,814,000"
7/12/2020,"55,236,000"
8/12/2020,"24,968,000"
9/12/2020,"170,089,000"
10/12/2020,"43,240,000"
11/12/2020,"93,069,000"
12/12/2020,"128,940,000"
14/12/2020,"281,797,000"
15/12/2020,"51,250,000"
16/12/2020,"479,975,000"
17/12/2020,"40,645,000"
18/12/2020,"80,285,000"
19/12/2020,"17,990,000"
21/12/2020,"101,984,000"
22/12/2020,"288,199,000"
23/12/2020,"89,264,000"
24/12/2020,"103,816,000"
25/12/2020,"21,636,000"
26/12/2020,"25,524,000"
28/12/2020,"73,134,000"
29/12/2020,"88,027,000"
30/12/2020,"164,737,000"
31/12/2020,"62,986,000"
1/1/2021,"-28,460,000"
3/1/2021,"21,876,000"
4/1/2021,"137,132,000"
5/1/2021,"98,276,000"
6/1/2021,"57,547,000"
7/1/2021,"50,928,000"
8/1/2021,"128,473,000"
9/1/2021,"47,630,000"
10/1/2021,"16,892,000"
11/1/2021,"212,844,000"
12/1/2021,"465,613,000"
13/01/2021,"168,729,000"
14/01/2021,"654,022,000"
15/01/2021,"196,718,000"
16/01/2021,"172,715,000"
17/01/2021,"8,328,000"
18/01/2021,"113,640,000"
19/01/2021,"120,214,000"
20/01/2021,"120,421,000"
21/01/2021,"186,772,000"
22/01/2021,"77,247,000"
23/01/2021,"64,276,000"
25/01/2021,"134,556,000"
26/01/2021,"52,275,000"
27/01/2021,"89,679,000"
28/01/2021,"118,251,000"
29/01/2021,"65,775,000"
30/01/2021,"62,196,000"
31/01/2021,"22,387,000"
1/2/2021,"123,951,000"
2/2/2021,"82,410,000"
3/2/2021,"93,999,000"
4/2/2021,"149,914,000"
5/2/2021,"72,122,000"
6/2/2021,"46,442,000"
8/2/2021,"125,579,000"
9/2/2021,"46,894,000"
10/2/2021,"19,924,000"
11/2/2021,"1,062,000"
16/02/2021,"24,312,000"
17/02/2021,"29,047,000"
18/02/2021,"44,277,000"
19/02/2021,"5,412,000"
20/02/2021,"91,430,000"
21/02/2021,"20,180,000"
22/02/2021,"77,180,000"
23/02/2021,"-6,380,000"
24/02/2021,"43,026,000"
25/02/2021,"79,344,000"
26/02/2021,"55,234,000"
27/02/2021,"50,232,000"
1/3/2021,"114,370,000"
2/3/2021,"298,440,000"
3/3/2021,"167,104,000"
4/3/2021,"166,092,000"
5/3/2021,"46,130,000"
6/3/2021,"34,593,000"
7/3/2021,"8,174,000"
8/3/2021,"32,642,000"
9/3/2021,"54,542,000"
10/3/2021,"99,984,000"
11/3/2021,"86,844,000"
12/3/2021,"21,979,000"
13/03/2021,"31,974,000"
15/03/2021,"83,718,000"
16/03/2021,"123,278,000"
17/03/2021,"63,797,000"
18/03/2021,"79,566,000"
19/03/2021,"33,142,000"
20/03/2021,"19,862,000"
22/03/2021,"60,559,000"
23/03/2021,"86,491,000"
24/03/2021,"35,910,000"
25/03/2021,"71,588,000"
26/03/2021,"24,666,000"
27/03/2021,"13,067,000"
29/03/2021,"49,297,000"
30/03/2021,"46,684,000"
31/03/2021,"32,259,000"
1/4/2021,"62,906,000"
2/4/2021,"112,591,000"
3/4/2021,"43,636,000"
5/4/2021,"459,965,000"
6/4/2021,"112,142,000"
7/4/2021,"107,540,000"
8/4/2021,"304,011,000"
9/4/2021,"107,966,000"
10/4/2021,"16,404,000"
12/4/2021,"103,004,000"
13/04/2021,"75,850,000"
14/04/2021,"13,077,000"
15/04/2021,"38,356,000"
16/04/2021,"45,844,000"
17/04/2021,"31,124,000"
18/04/2021,"9,000,000"
19/04/2021,"451,098,000"
20/04/2021,"91,974,000"
21/04/2021,"37,230,000"
22/04/2021,"69,944,000"
26/04/2021,"108,788,000"
27/04/2021,"50,409,000"
28/04/2021,"25,057,000"
29/04/2021,"56,922,000"
4/5/2021,"139,830,000"
5/5/2021,"39,669,000"
6/5/2021,"49,479,000"
7/5/2021,"37,081,000"
8/5/2021,"57,022,000"
10/5/2021,"78,259,000"
11/5/2021,"10,987,000"
12/5/2021,"214,870,000"
13/05/2021,"149,421,000"
14/05/2021,"167,314,000"
15/05/2021,"49,465,000"
16/05/2021,"18,172,000"
17/05/2021,"254,255,000"
18/05/2021,"92,551,000"
19/05/2021,"70,836,000"
20/05/2021,"11,587,000"
21/05/2021,"12,926,000"
22/05/2021,"41,131,000"
24/05/2021,"36,220,000"
25/05/2021,"10,848,000"
26/05/2021,"47,196,000"
27/05/2021,"39,559,000"
28/05/2021,"46,199,000"
31/05/2021,"8,535,000"
1/6/2021,"17,039,000"
2/6/2021,"11,896,000"
3/6/2021,"9,062,000"
4/6/2021,"53,522,000"
5/6/2021,"41,932,000"
7/6/2021,"37,844,000"
8/6/2021,"-33,416,000"
9/6/2021,"17,255,000"
10/6/2021,"18,134,000"
11/6/2021,"11,397,000"
12/6/2021,"44,820,000"
14/06/2021,"60,785,000"
15/06/2021,"21,087,000"
16/06/2021,"149,983,000"
17/06/2021,"46,035,000"
18/06/2021,"17,311,000"
19/06/2021,"7,215,000"
20/06/2021,"1,075,000"
21/06/2021,"76,016,000"
22/06/2021,"23,800,000"
23/06/2021,"51,990,000"
24/06/2021,"30,720,000"
25/06/2021,"148,458,000"
26/06/2021,"405,924,000"
27/06/2021,"12,075,000"
28/06/2021,"57,518,000"
29/06/2021,"28,456,000"
30/06/2021,"28,292,000"
1/7/2021,"558,760,000"
2/7/2021,"42,562,000"
3/7/2021,"69,867,000"
4/7/2021,"12,714,000"
5/7/2021,"273,568,000"
6/7/2021,"175,856,000"
7/7/2021,"150,278,000"
8/7/2021,"141,348,000"
9/7/2021,"28,841,000"
10/7/2021,"21,708,000"
11/7/2021,"888,000"
12/7/2021,"93,699,000"
13/07/2021,"34,240,000"
14/07/2021,"294,930,000"
15/07/2021,"28,364,000"
16/07/2021,"678,067,000"
17/07/2021,"117,323,000"
18/07/2021,"76,662,000"
19/07/2021,"96,370,000"
20/07/2021,"32,808,000"
21/07/2021,"17,842,000"
22/07/2021,"19,680,000"
23/07/2021,"94,645,000"
24/07/2021,"40,843,000"
25/07/2021,"6,174,000"
26/07/2021,"21,121,000"
27/07/2021,"7,678,000"
28/07/2021,"41,323,000"
29/07/2021,"37,551,000"
30/07/2021,"13,239,000"
31/07/2021,"39,314,000"
1/8/2021,"27,212,000"
2/8/2021,"9,608,000"
3/8/2021,"24,089,000"
4/8/2021,"12,355,000"
5/8/2021,"18,938,000"
6/8/2021,"11,606,000"
7/8/2021,"23,247,000"
8/8/2021,"13,421,000"
9/8/2021,"25,180,000"
10/8/2021,"14,757,000"
11/8/2021,"6,288,000"
12/8/2021,"20,609,000"
13/08/2021,"487,482,000"
14/08/2021,"166,695,000"
15/08/2021,"68,912,000"
16/08/2021,"52,156,000"
17/08/2021,"45,748,000"
18/08/2021,"86,355,000"
19/08/2021,"20,282,000"
20/08/2021,"263,048,000"
21/08/2021,"158,535,000"
22/08/2021,"-11,592,000"
24/08/2021,"18,822,000"
30/08/2021,"7,932,000"
1/9/2021,"2,700,000"
2/9/2021,"36,842,000"
4/9/2021,"13,960,000"
5/9/2021,"26,104,000"
6/9/2021,"203,139,000"
7/9/2021,"108,033,000"
8/9/2021,"34,669,000"
9/9/2021,"46,855,000"
10/9/2021,"38,518,000"
11/9/2021,"15,108,000"
13/09/2021,"387,299,000"
14/09/2021,"498,724,000"
15/09/2021,"256,019,000"
16/09/2021,"192,960,000"
17/09/2021,"45,490,000"
18/09/2021,"71,303,000"
19/09/2021,"65,236,000"
20/09/2021,"103,750,000"
21/09/2021,"99,082,000"
22/09/2021,"124,672,000"
23/09/2021,"45,284,000"
24/09/2021,"41,546,000"
25/09/2021,"83,311,000"
26/09/2021,"213,297,000"
27/09/2021,"23,251,000"
28/09/2021,"13,950,000"
29/09/2021,"35,727,000"
30/09/2021,"17,766,000"
1/10/2021,"123,513,000"
2/10/2021,"24,637,000"
3/10/2021,"12,931,000"
4/10/2021,"40,135,000"
5/10/2021,"28,129,000"
6/10/2021,"448,194,000"
7/10/2021,"1,169,105,000"
8/10/2021,"545,877,000"
9/10/2021,"138,715,000"
10/10/2021,"53,188,000"
11/10/2021,"149,476,000"
12/10/2021,"116,583,000"
13/10/2021,"56,080,000"
14/10/2021,"108,828,000"
15/10/2021,"65,338,000"
16/10/2021,"131,190,000"
17/10/2021,"96,333,000"
18/10/2021,"96,013,000"
19/10/2021,"79,491,000"
20/10/2021,"43,007,000"
21/10/2021,"52,756,000"
22/10/2021,"27,502,000"
23/10/2021,"60,966,000"
24/10/2021,"29,717,000"
25/10/2021,"62,767,000"
26/10/2021,"28,290,000"
27/10/2021,"45,596,000"
28/10/2021,"942,000"
29/10/2021,"51,939,000"
30/10/2021,"35,202,000"
31/10/2021,"1,710,000"
1/11/2021,"60,028,000"
2/11/2021,"38,117,000"
3/11/2021,"22,642,000"
4/11/2021,"59,835,000"
5/11/2021,"36,899,000"
6/11/2021,"33,857,000"
7/11/2021,"1,374,000"
8/11/2021,"93,130,000"
9/11/2021,"11,365,000"
10/11/2021,"29,660,000"
11/11/2021,"86,850,000"
12/11/2021,"21,175,000"
13/11/2021,"43,952,000"
14/11/2021,"15,402,000"
15/11/2021,"93,524,000"
16/11/2021,"54,907,000"
17/11/2021,"20,914,000"
18/11/2021,"50,985,000"
19/11/2021,"37,742,000"
20/11/2021,"8,442,000"
21/11/2021,"38,648,000"
22/11/2021,"48,641,000"
23/11/2021,"41,718,000"
24/11/2021,"46,040,000"
25/11/2021,"41,160,000"
26/11/2021,"37,368,000"
27/11/2021,"21,344,000"
28/11/2021,"5,234,000"
29/11/2021,"25,404,000"
30/11/2021,"47,304,000"
1/12/2021,"21,678,000"
2/12/2021,"110,124,000"
3/12/2021,"52,907,000"
4/12/2021,"45,687,000"
6/12/2021,"191,619,000"
7/12/2021,"72,229,000"
8/12/2021,"93,151,000"
9/12/2021,"85,397,000"
10/12/2021,"52,129,000"
11/12/2021,"25,593,000"
12/12/2021,"18,168,000"
13/12/2021,"79,503,000"
14/12/2021,"47,309,000"
15/12/2021,"57,461,000"
16/12/2021,"17,198,000"
17/12/2021,"31,522,000"
18/12/2021,"145,228,000"
19/12/2021,"13,806,000"
20/12/2021,"110,788,000"
21/12/2021,"33,980,000"
22/12/2021,"50,838,000"
23/12/2021,"22,188,000"
24/12/2021,"85,371,000"
25/12/2021,"16,987,000"
26/12/2021,"27,005,000"
27/12/2021,"68,496,000"
28/12/2021,"122,298,000"
29/12/2021,"131,586,000"
30/12/2021,"629,696,000"
31/12/2021,"121,771,000"
1/1/2022,"20,172,000"
2/1/2022,"1,116,000"
3/1/2022,"161,663,000"
4/1/2022,"58,581,000"
5/1/2022,"149,350,000"
6/1/2022,"159,510,000"
7/1/2022,"54,494,000"
8/1/2022,"31,738,000"
9/1/2022,"223,836,000"
10/1/2022,"219,298,000"
11/1/2022,"337,645,000"
12/1/2022,"97,798,000"
13/01/2022,"219,592,000"
14/01/2022,"45,876,000"
15/01/2022,"27,986,000"
16/01/2022,"188,950,000"
17/01/2022,"269,263,000"
18/01/2022,"181,592,000"
19/01/2022,"146,431,000"
20/01/2022,"88,932,000"
21/01/2022,"93,530,000"
22/01/2022,"45,578,000"
23/01/2022,"38,841,000"
24/01/2022,"107,033,000"
25/01/2022,"86,088,000"
26/01/2022,"17,430,000"
27/01/2022,"66,649,000"
28/01/2022,"21,443,000"
29/01/2022,"33,195,000"
30/01/2022,"1,116,000"
7/2/2022,"3,816,000"
8/2/2022,"26,969,000"
9/2/2022,"230,918,000"
10/2/2022,"27,858,000"
11/2/2022,"50,597,000"
12/2/2022,"87,387,326"
13/02/2022,"36,148,905"
14/02/2022,"93,171,000"
15/02/2022,"108,835,184"
16/02/2022,"164,796,086"
17/02/2022,"36,096,000"
18/02/2022,"41,724,000"
19/02/2022,"36,233,000"
20/02/2022,"23,871,104"
21/02/2022,"89,280,501"
22/02/2022,"64,381,086"
23/02/2022,"43,922,930"
24/02/2022,"56,635,149"
25/02/2022,"41,847,808"
26/02/2022,"18,792,920"
27/02/2022,"28,188,000"
28/02/2022,"69,588,614"
1/3/2022,"69,490,000"
2/3/2022,"74,561,318"
3/3/2022,"53,654,337"
4/3/2022,"58,740,701"
5/3/2022,"41,782,000"
6/3/2022,"14,941,000"
7/3/2022,"45,387,330"
8/3/2022,"54,499,620"
9/3/2022,"45,634,000"
10/3/2022,"29,550,000"
11/3/2022,"57,602,083"
12/3/2022,"20,405,000"
13/03/2022,"15,728,000"
14/03/2022,"64,874,880"
15/03/2022,"149,046,000"
16/03/2022,"65,131,234"
17/03/2022,"27,841,000"
18/03/2022,"15,792,000"
19/03/2022,"56,052,450"
20/03/2022,"14,323,000"
21/03/2022,"113,200,894"
22/03/2022,"129,969,584"
23/03/2022,"318,765,252"
24/03/2022,"54,724,000"
25/03/2022,"49,254,031"
26/03/2022,"41,741,385"
27/03/2022,"18,951,000"
28/03/2022,"184,673,532"
29/03/2022,"69,022,517"
30/03/2022,"37,382,250"
31/03/2022,"66,179,000"
1/4/2022,"87,341,505"
2/4/2022,"49,862,759"
3/4/2022,"-4,782,224"
4/4/2022,"120,176,599"
5/4/2022,"56,705,166"
6/4/2022,"68,278,000"
7/4/2022,"73,178,478"
8/4/2022,"106,563,624"
9/4/2022,"42,309,448"
10/4/2022,"2,580,000"
12/4/2022,"141,924,659"
13/04/2022,"94,778,708"
14/04/2022,"129,980,388"
15/04/2022,"34,194,000"
16/04/2022,"32,833,000"
17/04/2022,"30,454,000"
18/04/2022,"89,286,005"
19/04/2022,"43,648,197"
20/04/2022,"41,520,080"
21/04/2022,"46,032,088"
22/04/2022,"134,936,687"
23/04/2022,"35,903,088"
24/04/2022,"15,448,000"
25/04/2022,"77,702,549"
26/04/2022,"47,424,723"
27/04/2022,"51,852,462"
28/04/2022,"123,372,624"
29/04/2022,"40,706,000"
1/5/2022,"7,830,000"
2/5/2022,"10,956,000"
3/5/2022,"42,436,136"
4/5/2022,"66,294,100"
5/5/2022,"43,768,188"
6/5/2022,"44,424,072"
7/5/2022,"21,333,000"
9/5/2022,"85,650,712"
10/5/2022,"38,875,270"
11/5/2022,"8,201,264"
12/5/2022,"9,022,908"
13/05/2022,"63,500,000"
14/05/2022,"17,193,000"
15/05/2022,"13,683,000"
16/05/2022,"70,991,152"
17/05/2022,"57,251,870"
18/05/2022,"80,729,000"
19/05/2022,"98,256,028"
20/05/2022,"98,327,032"
21/05/2022,"41,575,000"
22/05/2022,"8,544,000"
23/05/2022,"46,820,924"
24/05/2022,"74,198,956"
25/05/2022,"81,504,058"
26/05/2022,"95,046,982"
27/05/2022,"62,172,000"
28/05/2022,"3,412,000"
29/05/2022,"21,168,000"
30/05/2022,"67,586,000"
31/05/2022,"104,813,936"
1/6/2022,"84,468,780"
2/6/2022,"49,802,000"
3/6/2022,"41,299,000"
4/6/2022,"17,738,000"
5/6/2022,"6,240,000"
6/6/2022,"79,235,576"
7/6/2022,"58,296,661"
8/6/2022,"60,204,000"
9/6/2022,"51,505,260"
10/6/2022,"83,837,656"
11/6/2022,"45,468,000"
12/6/2022,"21,883,000"
13/06/2022,"136,633,924"
14/06/2022,"419,587,652"
15/06/2022,"286,921,484"
16/06/2022,"283,351,107"
17/06/2022,"196,111,464"
18/06/2022,"126,361,024"
19/06/2022,"2,448,000"
20/06/2022,"223,070,056"
21/06/2022,"85,601,000"
22/06/2022,"72,402,000"
23/06/2022,"74,693,282"
24/06/2022,"97,516,522"
25/06/2022,"55,274,890"
26/06/2022,"4,140,000"
27/06/2022,"99,524,508"
28/06/2022,"35,777,000"
29/06/2022,"59,752,498"
30/06/2022,"150,932,486"
1/7/2022,"175,474,000"
2/7/2022,"42,409,448"
3/7/2022,"2,134,000"
4/7/2022,"88,701,000"
5/7/2022,"38,028,180"
6/7/2022,"95,679,938"
7/7/2022,"40,291,000"
8/7/2022,"77,538,000"
9/7/2022,"44,109,118"
10/7/2022,"13,962,000"
11/7/2022,"245,038,574"
12/7/2022,"56,968,000"
13/07/2022,"99,444,950"
14/07/2022,"28,466,000"
15/07/2022,"38,457,312"
16/07/2022,"18,997,070"
17/07/2022,"12,014,000"
18/07/2022,"124,388,940"
19/07/2022,"182,759,687"
20/07/2022,"97,257,875"
21/07/2022,"42,150,182"
22/07/2022,"55,159,000"
23/07/2022,"44,047,000"
25/07/2022,"168,991,070"
26/07/2022,"99,814,083"
27/07/2022,"173,098,100"
28/07/2022,"121,405,000"
29/07/2022,"116,358,306"
30/07/2022,"71,125,000"
31/07/2022,"15,456,000"
1/8/2022,"116,961,505"
2/8/2022,"81,057,063"
3/8/2022,"34,988,000"
4/8/2022,"64,775,611"
5/8/2022,"32,502,000"
6/8/2022,"50,328,170"
7/8/2022,"21,468,000"
8/8/2022,"47,200,998"
9/8/2022,"56,061,906"
10/8/2022,"40,203,448"
11/8/2022,"91,632,182"
12/8/2022,"581,730,000"
13/08/2022,"32,961,382"
14/08/2022,"1,632,000"
15/08/2022,"58,830,000"
16/08/2022,"18,528,907"
17/08/2022,"99,602,839"
18/08/2022,"27,098,268"
19/08/2022,"89,730,129"
20/08/2022,"74,690,564"
22/08/2022,"50,568,000"
23/08/2022,"40,510,893"
24/08/2022,"46,430,678"
25/08/2022,"25,500,456"
26/08/2022,"60,717,000"
27/08/2022,"85,288,000"
28/08/2022,"39,420,000"
29/08/2022,"264,773,777"
30/08/2022,"55,002,238"
31/08/2022,"35,781,903"
1/9/2022,"7,000,000"
3/9/2022,"7,056,000"
4/9/2022,"14,808,000"
5/9/2022,"230,471,422"
6/9/2022,"82,301,000"
7/9/2022,"503,694,793"
8/9/2022,"117,121,082"
9/9/2022,"77,846,786"
10/9/2022,"38,756,000"
11/9/2022,"24,567,512"
12/9/2022,"25,023,707"
13/09/2022,"29,150,512"
14/09/2022,"24,316,612"
15/09/2022,"32,821,530"
16/09/2022,"41,894,362"
17/09/2022,"15,582,000"
18/09/2022,"3,702,000"
19/09/2022,"28,777,816"
20/09/2022,"12,590,000"
21/09/2022,"62,401,996"
22/09/2022,"25,088,000"
23/09/2022,"12,030,000"
24/09/2022,"13,471,080"
25/09/2022,"7,786,000"
26/09/2022,"28,085,358"
27/09/2022,"149,822,000"
28/09/2022,"56,422,000"
29/09/2022,"345,611,260"
30/09/2022,"64,961,000"
1/10/2022,"36,374,352"
2/10/2022,"17,915,000"
3/10/2022,"56,299,320"
4/10/2022,"169,768,316"
5/10/2022,"20,007,536"
6/10/2022,"31,144,974"
7/10/2022,"20,350,312"
8/10/2022,"42,176,660"
9/10/2022,"182,384,000"
10/10/2022,"72,445,252"
11/10/2022,"129,806,832"
12/10/2022,"188,947,472"
13/10/2022,"148,832,696"
14/10/2022,"90,711,448"
15/10/2022,"48,770,432"
16/10/2022,"46,495,000"
17/10/2022,"100,946,382"
18/10/2022,"107,787,000"
19/10/2022,"643,145,848"
20/10/2022,"69,772,938"
21/10/2022,"107,237,392"
22/10/2022,"56,862,000"
23/10/2022,"9,054,000"
24/10/2022,"111,150,880"
25/10/2022,"125,963,494"
26/10/2022,"71,329,907"
27/10/2022,"45,432,508"
28/10/2022,"55,685,054"
29/10/2022,"46,241,626"
30/10/2022,"32,229,310"
31/10/2022,"53,664,143"
1/11/2022,"31,262,203"
2/11/2022,"56,038,675"
3/11/2022,"30,046,156"
4/11/2022,"118,825,356"
5/11/2022,"40,060,524"
6/11/2022,"13,994,000"
7/11/2022,"28,236,000"
8/11/2022,"153,572,744"
9/11/2022,"60,743,037"
10/11/2022,"44,947,000"
11/11/2022,"57,292,940"
12/11/2022,"21,522,000"
13/11/2022,"8,284,000"
14/11/2022,"58,425,618"
15/11/2022,"50,207,189"
16/11/2022,"64,656,320"
17/11/2022,"59,145,715"
18/11/2022,"54,921,648"
19/11/2022,"35,406,898"
20/11/2022,"40,463,000"
21/11/2022,"48,899,099"
22/11/2022,"116,824,029"
23/11/2022,"57,668,052"
24/11/2022,"56,613,399"
25/11/2022,"61,612,245"
26/11/2022,"50,775,874"
27/11/2022,"10,280,000"
28/11/2022,"84,938,895"
29/11/2022,"24,187,690"
30/11/2022,"92,907,428"
1/12/2022,"504,503,000"
2/12/2022,"133,450,000"
3/12/2022,"176,415,859"
4/12/2022,"11,024,000"
5/12/2022,"109,379,346"
6/12/2022,"121,195,196"
7/12/2022,"156,259,000"
8/12/2022,"79,497,088"
9/12/2022,"80,972,396"
10/12/2022,"184,445,265"
11/12/2022,"62,631,000"
12/12/2022,"102,698,734"
13/12/2022,"52,843,066"
14/12/2022,"98,213,032"
15/12/2022,"94,586,484"
16/12/2022,"160,524,584"
17/12/2022,"107,665,108"
18/12/2022,"3,384,000"
19/12/2022,"110,147,002"
20/12/2022,"49,142,186"
21/12/2022,"51,809,600"
22/12/2022,"46,432,092"
23/12/2022,"67,327,604"
24/12/2022,"17,662,662"
25/12/2022,"7,632,000"
26/12/2022,"117,103,232"
27/12/2022,"69,877,000"
28/12/2022,"62,374,346"
29/12/2022,"68,256,902"
30/12/2022,"235,067,000"
31/12/2022,"109,901,104"
1/1/2023,"37,114,000"
2/1/2023,"42,284,000"
3/1/2023,"203,252,996"
4/1/2023,"64,492,000"
5/1/2023,"71,413,972"
6/1/2023,"36,094,996"
7/1/2023,"13,956,000"
8/1/2023,"26,830,000"
9/1/2023,"96,999,158"
10/1/2023,"70,967,882"
11/1/2023,"31,099,000"
12/1/2023,"88,277,812"
13/01/2023,"26,558,984"
14/01/2023,"21,792,040"
15/01/2023,"19,686,000"
16/01/2023,"75,038,292"
17/01/2023,"72,104,000"
18/01/2023,"20,740,000"
19/01/2023,"15,388,000"
27/01/2023,"14,136,000"
28/01/2023,"55,512,000"
29/01/2023,"26,100,000"
30/01/2023,"108,767,660"
31/01/2023,"139,724,530"
1/2/2023,"244,747,000"
2/2/2023,"124,687,183"
3/2/2023,"132,874,453"
4/2/2023,"65,164,492"
5/2/2023,"74,109,114"
6/2/2023,"19,504,352"
7/2/2023,"67,673,345"
8/2/2023,"39,592,000"
9/2/2023,"640,792,000"
10/2/2023,"83,300,798"
11/2/2023,"110,332,622"
12/2/2023,"21,156,000"
13/02/2023,"96,731,935"
14/02/2023,"74,771,000"
15/02/2023,"112,566,000"
16/02/2023,"112,729,760"
17/02/2023,"90,297,492"
18/02/2023,"59,153,000"
19/02/2023,"4,680,000"
20/02/2023,"117,886,610"
21/02/2023,"39,116,000"
22/02/2023,"72,071,724"
23/02/2023,"44,596,218"
24/02/2023,"52,744,000"
25/02/2023,"34,936,975"
26/02/2023,"32,436,000"
27/02/2023,"67,472,749"
28/02/2023,"59,842,563"
1/3/2023,"535,355,780"
2/3/2023,"38,339,000"
3/3/2023,"67,274,000"
4/3/2023,"40,806,000"
5/3/2023,"71,556,000"
6/3/2023,"91,244,827"
7/3/2023,"18,516,000"
8/3/2023,"49,407,991"
9/3/2023,"72,358,164"
10/3/2023,"98,594,965"
11/3/2023,"21,727,478"
12/3/2023,"19,397,000"
13/03/2023,"758,701,000"
14/03/2023,"79,174,093"
15/03/2023,"61,935,599"
16/03/2023,"57,588,000"
17/03/2023,"81,811,000"
18/03/2023,"32,670,000"
19/03/2023,"7,140,000"
20/03/2023,"96,208,491"
21/03/2023,"60,431,797"
22/03/2023,"70,978,972"
23/03/2023,"25,023,000"
24/03/2023,"51,486,000"
25/03/2023,"36,375,712"
26/03/2023,"12,363,000"
27/03/2023,"56,778,996"
28/03/2023,"71,613,109"
29/03/2023,"66,520,000"
30/03/2023,"32,816,000"
31/03/2023,"119,721,544"
1/4/2023,"33,580,000"
2/4/2023,"15,456,000"
3/4/2023,"80,991,000"
4/4/2023,"-2,435,544"
5/4/2023,"19,703,000"
6/4/2023,"157,523,780"
7/4/2023,"88,386,000"
8/4/2023,"65,647,962"
9/4/2023,"56,400,000"
10/4/2023,"101,508,956"
11/4/2023,"53,266,928"
12/4/2023,"35,592,000"
13/04/2023,"257,681,000"
14/04/2023,"347,612,000"
15/04/2023,"81,899,439"
16/04/2023,"32,602,000"
17/04/2023,"78,462,559"
18/04/2023,"50,612,000"
19/04/2023,"81,033,236"
20/04/2023,"21,190,000"
21/04/2023,"34,863,560"
22/04/2023,"26,724,100"
23/04/2023,"2,040,000"
24/04/2023,"72,435,000"
25/04/2023,"31,587,000"
26/04/2023,"21,423,975"
27/04/2023,"34,911,550"
28/04/2023,"115,932,556"
29/04/2023,"5,628,000"
3/5/2023,"31,784,000"
4/5/2023,"231,914,850"
5/5/2023,"431,085,850"
6/5/2023,"782,631,000"
7/5/2023,"185,536,000"
8/5/2023,"144,007,802"
9/5/2023,"129,421,000"
10/5/2023,"108,492,000"
11/5/2023,"122,595,302"
12/5/2023,"45,011,000"
13/05/2023,"27,379,000"
14/05/2023,"6,449,000"
15/05/2023,"118,012,169"
16/05/2023,"28,059,251"
17/05/2023,"15,232,000"
18/05/2023,"48,905,507"
19/05/2023,"53,284,187"
20/05/2023,"32,199,735"
21/05/2023,"3,102,000"
22/05/2023,"90,783,629"
23/05/2023,"25,446,660"
24/05/2023,"36,272,634"
25/05/2023,"77,088,168"
26/05/2023,"30,112,000"
27/05/2023,"11,757,123"
28/05/2023,"11,580,000"
29/05/2023,"123,142,938"
30/05/2023,"55,540,084"
31/05/2023,"30,951,000"
1/6/2023,"53,778,998"
2/6/2023,"39,553,992"
3/6/2023,"17,156,000"
4/6/2023,"31,030,000"
5/6/2023,"56,082,164"
6/6/2023,"53,763,290"
7/6/2023,"35,962,774"
8/6/2023,"13,629,698"
9/6/2023,"30,330,000"
10/6/2023,"7,950,000"
12/6/2023,"56,521,547"
13/06/2023,"227,647,000"
14/06/2023,"1,132,514,000"
15/06/2023,"244,299,956"
16/06/2023,"508,672,106"
17/06/2023,"115,534,000"
18/06/2023,"68,764,000"
19/06/2023,"75,859,495"
20/06/2023,"61,337,882"
21/06/2023,"37,437,994"
22/06/2023,"40,958,980"
23/06/2023,"35,562,000"
24/06/2023,"61,923,968"
25/06/2023,"9,104,000"
26/06/2023,"36,892,988"
27/06/2023,"55,111,996"
28/06/2023,"198,926,000"
29/06/2023,"533,165,992"
30/06/2023,"546,530,000"
1/7/2023,"120,186,624"
2/7/2023,"6,362,000"
3/7/2023,"73,781,974"
4/7/2023,"77,318,042"
5/7/2023,"21,071,082"
6/7/2023,"70,068,072"
7/7/2023,"59,944,000"
8/7/2023,"13,284,000"
9/7/2023,"10,080,000"
10/7/2023,"46,018,048"
11/7/2023,"61,849,184"
12/7/2023,"45,344,000"
13/07/2023,"37,102,208"
14/07/2023,"31,829,232"
15/07/2023,"7,494,000"
16/07/2023,"1,344,000"
17/07/2023,"45,081,000"
18/07/2023,"106,626,998"
19/07/2023,"44,174,000"
20/07/2023,"18,235,000"
21/07/2023,"115,085,000"
22/07/2023,"41,281,993"
23/07/2023,"1,044,000"
24/07/2023,"31,754,260"
25/07/2023,"49,554,000"
26/07/2023,"47,412,285"
27/07/2023,"9,791,000"
28/07/2023,"22,845,000"
29/07/2023,"8,624,000"
30/07/2023,"15,131,784"
31/07/2023,"34,990,000"
1/8/2023,"23,008,000"
2/8/2023,"68,479,178"
3/8/2023,"156,502,928"
4/8/2023,"270,163,000"
5/8/2023,"544,634,000"
6/8/2023,"16,732,000"
7/8/2023,"24,252,000"
8/8/2023,"125,091,642"
9/8/2023,"292,547,552"
10/8/2023,"103,586,600"
11/8/2023,"69,522,456"
12/8/2023,"38,894,978"
14/08/2023,"-4,440,797"
15/08/2023,"91,308,277"
16/08/2023,"26,899,470"
17/08/2023,"27,441,000"
18/08/2023,"57,772,000"
19/08/2023,"25,628,000"
20/08/2023,"23,616,000"
21/08/2023,"114,158,000"
22/08/2023,"112,888,782"
23/08/2023,"81,170,991"
24/08/2023,"41,387,331"
25/08/2023,"53,286,688"
26/08/2023,"51,784,000"
27/08/2023,"12,635,000"
28/08/2023,"47,246,000"
29/08/2023,"39,604,000"
30/08/2023,"24,135,270"
31/08/2023,"102,542,441"
1/9/2023,"566,242,000"
3/9/2023,"6,768,000"
4/9/2023,"71,011,000"
5/9/2023,"103,434,590"
6/9/2023,"60,257,800"
7/9/2023,"118,667,152"
8/9/2023,"68,749,118"
9/9/2023,"61,395,834"
10/9/2023,"3,012,000"
11/9/2023,"77,473,969"
12/9/2023,"28,338,494"
13/09/2023,"72,082,068"
14/09/2023,"971,074,000"
15/09/2023,"309,842,000"
16/09/2023,"78,003,767"
17/09/2023,"6,926,000"
18/09/2023,"315,055,472"
19/09/2023,"128,326,000"
20/09/2023,"92,875,058"
21/09/2023,"85,191,794"
22/09/2023,"77,004,838"
23/09/2023,"61,930,000"
24/09/2023,"2,225,000"
25/09/2023,"66,891,958"
26/09/2023,"67,430,358"
27/09/2023,"29,116,000"
28/09/2023,"70,554,187"
29/09/2023,"53,508,578"
30/09/2023,"45,046,000"
1/10/2023,"23,180,000"
2/10/2023,"72,146,000"
3/10/2023,"102,122,030"
4/10/2023,"44,045,754"
5/10/2023,"74,814,000"
6/10/2023,"53,869,000"
7/10/2023,"57,397,795"
8/10/2023,"29,304,000"
9/10/2023,"108,359,468"
10/10/2023,"63,918,228"
11/10/2023,"60,912,544"
12/10/2023,"60,915,701"
13/10/2023,"88,458,000"
14/10/2023,"25,303,448"
15/10/2023,"14,210,000"
16/10/2023,"120,669,008"
17/10/2023,"263,696,000"
18/10/2023,"88,273,312"
19/10/2023,"60,496,796"
20/10/2023,"95,425,854"
21/10/2023,"23,715,000"
22/10/2023,"16,129,000"
23/10/2023,"90,580,000"
24/10/2023,"90,735,400"
25/10/2023,"54,131,000"
26/10/2023,"137,376,195"
27/10/2023,"95,167,945"
28/10/2023,"76,569,080"
29/10/2023,"43,144,000"
30/10/2023,"89,643,602"
31/10/2023,"63,448,681"
1/11/2023,"197,490,392"
2/11/2023,"72,754,506"
3/11/2023,"29,227,584"
4/11/2023,"54,870,000"
6/11/2023,"100,463,974"
7/11/2023,"52,094,669"
8/11/2023,"48,998,000"
9/11/2023,"51,958,000"
10/11/2023,"14,909,000"
11/11/2023,"53,180,541"
12/11/2023,"22,044,000"
13/11/2023,"63,831,000"
14/11/2023,"31,800,000"
15/11/2023,"65,560,767"
16/11/2023,"36,120,260"
17/11/2023,"47,913,994"
18/11/2023,"19,115,696"
20/11/2023,"51,671,000"
21/11/2023,"131,072,656"
22/11/2023,"132,785,320"
23/11/2023,"155,658,989"
24/11/2023,"62,650,392"
25/11/2023,"34,324,561"
26/11/2023,"1,918,000"
27/11/2023,"58,755,000"
28/11/2023,"120,688,488"
29/11/2023,"22,039,000"
30/11/2023,"67,212,481"
1/12/2023,"25,333,000"
2/12/2023,"106,887,705"
4/12/2023,"115,313,000"
5/12/2023,"47,966,522"
6/12/2023,"469,524,000"
7/12/2023,"39,103,000"
8/12/2023,"234,570,000"
9/12/2023,"57,956,888"
10/12/2023,"5,664,000"
11/12/2023,"993,094,261"
12/12/2023,"97,944,000"
13/12/2023,"155,268,000"
14/12/2023,"155,209,014"
15/12/2023,"101,201,000"
16/12/2023,"134,596,180"
17/12/2023,"7,752,000"
18/12/2023,"121,261,605"
19/12/2023,"46,108,516"
20/12/2023,"52,724,469"
21/12/2023,"64,183,184"
22/12/2023,"165,515,000"
23/12/2023,"15,036,000"
24/12/2023,"31,748,980"
25/12/2023,"66,377,128"
26/12/2023,"47,939,317"
27/12/2023,"31,745,312"
28/12/2023,"49,687,010"
29/12/2023,"32,100,000"
30/12/2023,"2,385,840"
1/1/2024,"-22,450,000"
2/1/2024,"98,435,864"
3/1/2024,"36,017,000"
4/1/2024,"56,400,000"
5/1/2024,"120,477,000"
6/1/2024,"32,924,680"
7/1/2024,"6,012,000"
8/1/2024,"64,135,000"
9/1/2024,"163,886,677"
10/1/2024,"72,562,000"
11/1/2024,"89,658,246"
12/1/2024,"49,123,000"
13/01/2024,"37,115,478"
14/01/2024,"12,624,000"
15/01/2024,"34,529,994"
16/01/2024,"48,729,941"
17/01/2024,"38,403,000"
18/01/2024,"52,072,312"
19/01/2024,"29,017,296"
20/01/2024,"21,486,000"
21/01/2024,"270,060,000"
22/01/2024,"62,645,406"
23/01/2024,"276,151,874"
24/01/2024,"1,010,186,782"
25/01/2024,"276,053,843"
26/01/2024,"102,433,592"
27/01/2024,"118,322,400"
28/01/2024,"70,911,956"
29/01/2024,"91,964,219"
30/01/2024,"37,384,000"
31/01/2024,"160,124,000"
1/2/2024,"59,692,000"
2/2/2024,"50,800,247"
3/2/2024,"41,498,000"
4/2/2024,"39,608,000"
5/2/2024,"248,983,843"
6/2/2024,"36,042,000"
7/2/2024,"18,491,000"
8/2/2024,"5,148,000"
14/02/2024,"2,208,000"
15/02/2024,"111,660,000"
16/02/2024,"57,264,000"
17/02/2024,"106,339,000"
18/02/2024,"18,849,000"
19/02/2024,"108,597,000"
20/02/2024,"78,970,315"
21/02/2024,"105,682,504"
22/02/2024,"54,198,562"
23/02/2024,"59,439,712"
24/02/2024,"56,408,000"
25/02/2024,"30,098,000"
26/02/2024,"112,339,507"
27/02/2024,"53,601,367"
28/02/2024,"63,527,000"
29/02/2024,"58,217,042"
1/3/2024,"188,779,698"
2/3/2024,"14,222,000"
3/3/2024,"10,320,000"
4/3/2024,"104,496,277"
5/3/2024,"69,352,340"
6/3/2024,"32,248,328"
7/3/2024,"65,264,312"
8/3/2024,"28,870,624"
9/3/2024,"27,048,000"
10/3/2024,"6,658,896"
11/3/2024,"588,871,000"
12/3/2024,"158,734,682"
13/03/2024,"169,323,314"
14/03/2024,"76,042,464"
15/03/2024,"22,717,000"
16/03/2024,"20,904,000"
17/03/2024,"33,108,000"
18/03/2024,"131,749,548"
19/03/2024,"92,333,188"
20/03/2024,"300,809,252"
21/03/2024,"59,266,000"
22/03/2024,"62,752,314"
23/03/2024,"45,616,644"
24/03/2024,"15,120,000"
25/03/2024,"207,159,454"
26/03/2024,"79,691,000"
27/03/2024,"234,707,415"
28/03/2024,"225,883,774"
29/03/2024,"73,581,314"
30/03/2024,"34,758,688"
31/03/2024,"31,818,000"
1/4/2024,"71,583,398"
2/4/2024,"111,074,602"
3/4/2024,"53,303,452"
4/4/2024,"35,958,000"
5/4/2024,"58,167,150"
6/4/2024,"23,979,000"
7/4/2024,"6,937,000"
8/4/2024,"8,323,330"
9/4/2024,"24,957,798"
10/4/2024,"32,442,000"
11/4/2024,"38,683,656"
12/4/2024,"288,446,946"
13/04/2024,"12,063,474"
14/04/2024,"15,864,000"
15/04/2024,"110,559,602"
16/04/2024,"70,003,965"
17/04/2024,"44,231,570"
19/04/2024,"25,971,000"
20/04/2024,"68,750,160"
21/04/2024,"8,472,000"
22/04/2024,"168,519,184"
23/04/2024,"324,104,282"
24/04/2024,"400,002,000"
25/04/2024,"371,702,388"
26/04/2024,"116,820,000"
27/04/2024,"59,870,000"
28/04/2024,"43,838,910"
29/04/2024,"8,580,000"
1/5/2024,"12,114,000"
2/5/2024,"101,345,811"
3/5/2024,"52,984,000"
4/5/2024,"84,559,982"
5/5/2024,"6,012,000"
6/5/2024,"284,217,000"
7/5/2024,"100,165,044"
8/5/2024,"111,502,150"
9/5/2024,"33,930,000"
10/5/2024,"30,517,889"
11/5/2024,"22,659,000"
12/5/2024,"7,266,000"
13/05/2024,"100,433,430"
14/05/2024,"69,221,370"
15/05/2024,"32,667,271"
16/05/2024,"41,133,469"
17/05/2024,"51,868,000"
18/05/2024,"30,422,399"
19/05/2024,"14,029,000"
20/05/2024,"53,878,676"
21/05/2024,"182,148,000"
22/05/2024,"375,931,000"
23/05/2024,"333,954,000"
24/05/2024,"57,115,000"
25/05/2024,"97,680,968"
26/05/2024,"41,024,000"
27/05/2024,"133,707,963"
28/05/2024,"96,643,000"
29/05/2024,"90,325,309"
30/05/2024,"68,997,158"
31/05/2024,"70,106,054"
1/6/2024,"111,798,000"
2/6/2024,"12,338,000"
3/6/2024,"270,535,000"
4/6/2024,"31,128,000"
5/6/2024,"38,478,000"
6/6/2024,"83,060,000"
7/6/2024,"121,540,808"
8/6/2024,"14,064,000"
9/6/2024,"4,855,000"
10/6/2024,"82,840,803"
11/6/2024,"56,438,000"
12/6/2024,"27,570,491"
13/06/2024,"301,787,000"
14/06/2024,"26,209,000"
15/06/2024,"14,986,443"
17/06/2024,"93,700,500"
18/06/2024,"46,405,460"
19/06/2024,"70,494,817"
20/06/2024,"14,155,168"
21/06/2024,"21,281,052"
22/06/2024,"78,356,328"
23/06/2024,"3,418,000"
24/06/2024,"64,613,272"
25/06/2024,"120,611,060"
26/06/2024,"46,537,260"
27/06/2024,"52,611,436"
28/06/2024,"593,335,000"
29/06/2024,"46,387,000"
30/06/2024,"9,877,000"
1/7/2024,"76,959,517"
2/7/2024,"45,616,000"
3/7/2024,"35,500,218"
4/7/2024,"67,812,779"
5/7/2024,"94,423,746"
6/7/2024,"31,037,258"
7/7/2024,"-1,269,000"
8/7/2024,"76,007,495"
9/7/2024,"47,122,197"
10/7/2024,"63,381,026"
11/7/2024,"49,791,092"
12/7/2024,"37,844,154"
13/07/2024,"13,327,000"
14/07/2024,"7,056,000"
15/07/2024,"40,690,515"
16/07/2024,"28,107,373"
17/07/2024,"23,221,880"
18/07/2024,"-7,483,000"
19/07/2024,"20,929,094"
20/07/2024,"17,547,420"
21/07/2024,"10,136,000"
22/07/2024,"54,029,000"
23/07/2024,"53,357,328"
24/07/2024,"35,093,004"
25/07/2024,"27,361,000"
26/07/2024,"21,785,432"
27/07/2024,"126,076,000"
28/07/2024,"21,152,000"
29/07/2024,"145,241,356"
30/07/2024,"331,941,930"
31/07/2024,"160,934,000"
1/8/2024,"720,067,448"
2/8/2024,"233,386,000"
3/8/2024,"29,110,000"
4/8/2024,"4,675,000"
5/8/2024,"100,914,868"
6/8/2024,"111,899,820"
7/8/2024,"89,152,000"
8/8/2024,"249,534,307"
9/8/2024,"69,713,800"
10/8/2024,"22,944,000"
11/8/2024,"3,126,000"
12/8/2024,"89,481,644"
13/08/2024,"213,586,022"
14/08/2024,"88,907,000"
15/08/2024,"818,401,298"
16/08/2024,"75,134,948"
17/08/2024,"188,275,056"
18/08/2024,"11,352,000"
19/08/2024,"103,934,104"
20/08/2024,"1,277,786,396"
21/08/2024,"264,448,000"
22/08/2024,"55,130,000"
23/08/2024,"117,852,632"
24/08/2024,"110,185,502"
25/08/2024,"60,648,000"
26/08/2024,"114,305,000"
27/08/2024,"171,099,886"
28/08/2024,"119,830,249"
29/08/2024,"30,242,000"
30/08/2024,"70,630,079"
31/08/2024,"44,016,000"
1/9/2024,"33,105,000"
3/9/2024,"27,879,000"
4/9/2024,"113,966,916"
5/9/2024,"93,051,268"
6/9/2024,"73,941,203"
7/9/2024,"70,376,494"
8/9/2024,"32,847,000"
9/9/2024,"100,179,000"
10/9/2024,"91,169,382"
11/9/2024,"45,675,736"
12/9/2024,"145,969,000"
13/09/2024,"45,664,890"
14/09/2024,"62,903,924"
16/09/2024,"167,988,772"
17/09/2024,"242,683,820"
18/09/2024,"54,573,000"
19/09/2024,"78,760,309"
20/09/2024,"39,109,844"
21/09/2024,"31,767,908"
22/09/2024,"2,928,000"
23/09/2024,"79,859,613"
24/09/2024,"190,710,000"
25/09/2024,"156,533,702"
26/09/2024,"60,191,000"
27/09/2024,"55,227,000"
28/09/2024,"27,654,000"
29/09/2024,"10,557,000"
30/09/2024,"64,629,029"
1/10/2024,"109,043,688"
2/10/2024,"83,531,712"
3/10/2024,"43,465,228"
4/10/2024,"51,478,000"
5/10/2024,"28,670,088"
6/10/2024,"37,212,000"
7/10/2024,"33,538,000"
8/10/2024,"149,328,722"
9/10/2024,"45,092,650"
10/10/2024,"68,296,000"
11/10/2024,"45,134,100"
12/10/2024,"219,163,270"
13/10/2024,"36,811,000"
14/10/2024,"45,615,336"
15/10/2024,"61,610,816"
16/10/2024,"28,651,008"
17/10/2024,"33,068,000"
18/10/2024,"34,416,536"
19/10/2024,"22,261,392"
20/10/2024,"7,941,000"
21/10/2024,"26,590,698"
22/10/2024,"56,295,284"
23/10/2024,"44,586,214"
24/10/2024,"54,979,605"
25/10/2024,"163,109,000"
26/10/2024,"855,012,952"
27/10/2024,"33,621,890"
28/10/2024,"703,012,950"
29/10/2024,"611,084,382"
30/10/2024,"67,075,411"
31/10/2024,"28,980,000"
1/11/2024,"119,520,000"
2/11/2024,"38,746,592"
4/11/2024,"131,183,648"
5/11/2024,"68,449,472"
6/11/2024,"67,863,000"
7/11/2024,"76,133,854"
8/11/2024,"53,853,936"
9/11/2024,"28,805,328"
10/11/2024,"3,556,000"
11/11/2024,"132,653,662"
12/11/2024,"193,433,000"
13/11/2024,"73,595,997"
14/11/2024,"31,544,178"
15/11/2024,"21,605,708"
16/11/2024,"39,249,000"
18/11/2024,"-1,806,796"
19/11/2024,"43,019,104"
20/11/2024,"55,711,528"
21/11/2024,"38,220,000"
22/11/2024,"37,258,848"
23/11/2024,"23,814,266"
24/11/2024,"2,614,000"
25/11/2024,"93,914,406"
26/11/2024,"17,377,612"
27/11/2024,"90,453,000"
28/11/2024,"93,914,389"
29/11/2024,"76,692,234"
30/11/2024,"19,995,296"
1/12/2024,"3,173,000"
2/12/2024,"80,145,998"
3/12/2024,"41,237,000"
4/12/2024,"44,230,500"
5/12/2024,"133,943,991"
6/12/2024,"74,347,000"
7/12/2024,"19,904,312"
8/12/2024,"4,992,000"
9/12/2024,"343,326,112"
10/12/2024,"359,755,468"
11/12/2024,"298,642,000"
12/12/2024,"103,797,000"
13/12/2024,"47,449,516"
14/12/2024,"59,438,921"
15/12/2024,"5,291,000"
16/12/2024,"70,659,064"
17/12/2024,"29,210,561"
18/12/2024,"45,385,000"
19/12/2024,"49,118,000"
20/12/2024,"57,404,626"
21/12/2024,"14,541,597"
22/12/2024,"4,464,000"
23/12/2024,"130,136,424"
24/12/2024,"25,223,156"
25/12/2024,"511,280,000"
26/12/2024,"262,752,000"
27/12/2024,"84,148,780"
28/12/2024,"34,953,988"
29/12/2024,"1,740,000"
30/12/2024,"68,520,000"
31/12/2024,"224,683,792"
2/1/2025,"275,802,983"
3/1/2025,"93,895,244"
4/1/2025,"35,656,719"
5/1/2025,"1,894,000"
6/1/2025,"74,069,205"
7/1/2025,"50,553,000"
8/1/2025,"120,177,220"
9/1/2025,"47,334,838"
10/1/2025,"19,007,809"
11/1/2025,"47,426,220"
12/1/2025,"23,494,000"
13/01/2025,"98,309,069"
14/01/2025,"71,838,000"
15/01/2025,"77,664,085"
16/01/2025,"102,713,698"
17/01/2025,"18,354,282"
18/01/2025,"64,236,000"
19/01/2025,"105,945,016"
20/01/2025,"63,759,312"
21/01/2025,"56,339,336"
22/01/2025,"148,573,912"
23/01/2025,"210,976,450"
24/01/2025,"219,015,000"
25/01/2025,"22,830,160"
26/01/2025,"9,692,560"
27/01/2025,"14,376,000"
1/2/2025,"34,020,000"
2/2/2025,"16,272,000"
3/2/2025,"63,902,397"
4/2/2025,"57,119,000"
5/2/2025,"61,862,000"
6/2/2025,"52,631,000"
7/2/2025,"104,055,578"
8/2/2025,"45,109,000"
9/2/2025,"13,972,000"
10/2/2025,"182,411,034"
11/2/2025,"56,814,459"
12/2/2025,"56,897,448"
13/02/2025,"23,372,996"
14/02/2025,"29,917,872"
15/02/2025,"29,301,000"
16/02/2025,"6,720,000"
17/02/2025,"55,525,910"
18/02/2025,"21,344,122"
19/02/2025,"32,417,924"
20/02/2025,"27,210,000"
21/02/2025,"24,944,000"
22/02/2025,"42,944,000"
23/02/2025,"3,924,000"
24/02/2025,"295,282,658"
25/02/2025,"68,068,560"
26/02/2025,"232,922,792"
27/02/2025,"25,388,000"
28/02/2025,"721,050,000"
1/3/2025,"141,828,000"
2/3/2025,"31,921,000"
3/3/2025,"23,598,501"
